"date","time","network","text","link","media"
"2026-06-01","10:00","Instagram","Sabias que...

Antes de procurares respostas no mundo, escuta a tua primeira voz. A que fala antes do julgamento.

Vivianne dos Santos · seteveus.space

.
.
.

#autoconhecimento #selfknowledge #introspeccao #viviannedossantos #seteveus #escoladosveus #manhãs #despertar #consciencia #espiritualidade #moçambique #maputo","","vsq-0001.mp4"
"2026-06-01","10:30","TikTok","Sabias que... Antes de procurares respostas no mundo, escuta a tua primeira voz. A que fala antes do julgamento.

#fyp #foryou #autoconhecimento #selfknowledge #introspeccao #viviannedossantos #seteveus #manhãs #moçambique","","vsq-0001.mp4"
"2026-06-02","10:00","Instagram","Sabias que...

Repara hoje no que repetes sem perceber: é aí que começa o teu mapa.

Vivianne dos Santos · seteveus.space

.
.
.

#autoconhecimento #selfknowledge #introspeccao #viviannedossantos #seteveus #escoladosveus #manhãs #despertar #consciencia #espiritualidade #moçambique #maputo","","vsq-0002.mp4"
"2026-06-02","10:30","TikTok","Sabias que... Repara hoje no que repetes sem perceber: é aí que começa o teu mapa.

#fyp #foryou #autoconhecimento #selfknowledge #introspeccao #viviannedossantos #seteveus #manhãs #moçambique","","vsq-0002.mp4"
"2026-06-03","10:00","Instagram","Sabias que...

O que te incomoda nos outros é, quase sempre, um convite a olhares para ti com mais ternura.

Vivianne dos Santos · seteveus.space

.
.
.

#autoconhecimento #selfknowledge #introspeccao #viviannedossantos #seteveus #escoladosveus #manhãs #despertar #consciencia #espiritualidade #moçambique #maputo","","vsq-0003.mp4"
"2026-06-03","10:30","TikTok","Sabias que... O que te incomoda nos outros é, quase sempre, um convite a olhares para ti com mais ternura.

#fyp #foryou #autoconhecimento #selfknowledge #introspeccao #viviannedossantos #seteveus #manhãs #moçambique","","vsq-0003.mp4"
"2026-06-04","10:00","Instagram","Sabias que...

Cada pergunta que te fazes com coragem é uma raiz nova a crescer dentro de ti.

Vivianne dos Santos · seteveus.space

.
.
.

#autoconhecimento #selfknowledge #introspeccao #viviannedossantos #seteveus #escoladosveus #manhãs #despertar #consciencia #espiritualidade #moçambique #maputo","","vsq-0004.mp4"
"2026-06-04","10:30","TikTok","Sabias que... Cada pergunta que te fazes com coragem é uma raiz nova a crescer dentro de ti.

#fyp #foryou #autoconhecimento #selfknowledge #introspeccao #viviannedossantos #seteveus #manhãs #moçambique","","vsq-0004.mp4"
"2026-06-05","10:00","Instagram","Sabias que...

Pergunta-te hoje: 'do que tenho saudade?'. A resposta diz-te onde voltar.

Vivianne dos Santos · seteveus.space

.
.
.

#autoconhecimento #selfknowledge #introspeccao #viviannedossantos #seteveus #escoladosveus #manhãs #despertar #consciencia #espiritualidade #moçambique #maputo","","vsq-0005.mp4"
"2026-06-05","10:30","TikTok","Sabias que... Pergunta-te hoje: 'do que tenho saudade?'. A resposta diz-te onde voltar.

#fyp #foryou #autoconhecimento #selfknowledge #introspeccao #viviannedossantos #seteveus #manhãs #moçambique","","vsq-0005.mp4"
"2026-06-06","10:00","Instagram","Sabias que...

Quanto mais te conheces, menos precisas que o mundo te explique.

Vivianne dos Santos · seteveus.space

.
.
.

#autoconhecimento #selfknowledge #introspeccao #viviannedossantos #seteveus #escoladosveus #manhãs #despertar #consciencia #espiritualidade #moçambique #maputo","","vsq-0006.mp4"
"2026-06-06","10:30","TikTok","Sabias que... Quanto mais te conheces, menos precisas que o mundo te explique.

#fyp #foryou #autoconhecimento #selfknowledge #introspeccao #viviannedossantos #seteveus #manhãs #moçambique","","vsq-0006.mp4"
"2026-06-07","10:00","Instagram","Sabias que...

Conhecer-te é aprender a distinguir a tua voz da voz do medo.

Vivianne dos Santos · seteveus.space

.
.
.

#autoconhecimento #selfknowledge #introspeccao #viviannedossantos #seteveus #escoladosveus #manhãs #despertar #consciencia #espiritualidade #moçambique #maputo","","vsq-0007.mp4"
"2026-06-07","10:30","TikTok","Sabias que... Conhecer-te é aprender a distinguir a tua voz da voz do medo.

#fyp #foryou #autoconhecimento #selfknowledge #introspeccao #viviannedossantos #seteveus #manhãs #moçambique","","vsq-0007.mp4"
"2026-06-08","10:00","Instagram","Sabias que...

Trata-te hoje como tratarias a tua melhor amiga: com paciência, com ternura, com fé.

Vivianne dos Santos · seteveus.space

.
.
.

#autoamor #amorproprio #selflove #viviannedossantos #seteveus #escoladosveus #manhãs #despertar #consciencia #espiritualidade #moçambique #maputo","","vsq-0008.mp4"
"2026-06-08","10:30","TikTok","Sabias que... Trata-te hoje como tratarias a tua melhor amiga: com paciência, com ternura, com fé.

#fyp #foryou #autoamor #amorproprio #selflove #viviannedossantos #seteveus #manhãs #moçambique","","vsq-0008.mp4"
"2026-06-09","10:00","Instagram","Sabias que...

O amor próprio não se prova a ninguém. Vive-se em silêncio, todos os dias.

Vivianne dos Santos · seteveus.space

.
.
.

#autoamor #amorproprio #selflove #viviannedossantos #seteveus #escoladosveus #manhãs #despertar #consciencia #espiritualidade #moçambique #maputo","","vsq-0009.mp4"
"2026-06-09","10:30","TikTok","Sabias que... O amor próprio não se prova a ninguém. Vive-se em silêncio, todos os dias.

#fyp #foryou #autoamor #amorproprio #selflove #viviannedossantos #seteveus #manhãs #moçambique","","vsq-0009.mp4"
"2026-06-10","10:00","Instagram","Sabias que...

Diz a ti, ao espelho: 'estou contigo'. É a frase que muda o resto.

Vivianne dos Santos · seteveus.space

.
.
.

#autoamor #amorproprio #selflove #viviannedossantos #seteveus #escoladosveus #manhãs #despertar #consciencia #espiritualidade #moçambique #maputo","","vsq-0010.mp4"
"2026-06-10","10:30","TikTok","Sabias que... Diz a ti, ao espelho: 'estou contigo'. É a frase que muda o resto.

#fyp #foryou #autoamor #amorproprio #selflove #viviannedossantos #seteveus #manhãs #moçambique","","vsq-0010.mp4"
"2026-06-11","10:00","Instagram","Sabias que...

Cuida do que te faz bem antes de cuidares do que te faz importante.

Vivianne dos Santos · seteveus.space

.
.
.

#autoamor #amorproprio #selflove #viviannedossantos #seteveus #escoladosveus #manhãs #despertar #consciencia #espiritualidade #moçambique #maputo","","vsq-0011.mp4"
"2026-06-11","10:30","TikTok","Sabias que... Cuida do que te faz bem antes de cuidares do que te faz importante.

#fyp #foryou #autoamor #amorproprio #selflove #viviannedossantos #seteveus #manhãs #moçambique","","vsq-0011.mp4"
"2026-06-12","10:00","Instagram","Sabias que...

Amares-te começa por dares a ti o que ofereces aos outros sem hesitar.

Vivianne dos Santos · seteveus.space

.
.
.

#autoamor #amorproprio #selflove #viviannedossantos #seteveus #escoladosveus #manhãs #despertar #consciencia #espiritualidade #moçambique #maputo","","vsq-0012.mp4"
"2026-06-12","10:30","TikTok","Sabias que... Amares-te começa por dares a ti o que ofereces aos outros sem hesitar.

#fyp #foryou #autoamor #amorproprio #selflove #viviannedossantos #seteveus #manhãs #moçambique","","vsq-0012.mp4"
"2026-06-13","10:00","Instagram","Sabias que...

Dizer 'não' a algo que te esvazia é a forma mais suave de dizer 'sim' a ti.

Vivianne dos Santos · seteveus.space

.
.
.

#autoamor #amorproprio #selflove #viviannedossantos #seteveus #escoladosveus #manhãs #despertar #consciencia #espiritualidade #moçambique #maputo","","vsq-0013.mp4"
"2026-06-13","10:30","TikTok","Sabias que... Dizer 'não' a algo que te esvazia é a forma mais suave de dizer 'sim' a ti.

#fyp #foryou #autoamor #amorproprio #selflove #viviannedossantos #seteveus #manhãs #moçambique","","vsq-0013.mp4"
"2026-06-14","10:00","Instagram","Sabias que...

A tua presença é néctar. Não a desperdices a tentar agradar.

Vivianne dos Santos · seteveus.space

.
.
.

#autoamor #amorproprio #selflove #viviannedossantos #seteveus #escoladosveus #manhãs #despertar #consciencia #espiritualidade #moçambique #maputo","","vsq-0014.mp4"
"2026-06-14","10:30","TikTok","Sabias que... A tua presença é néctar. Não a desperdices a tentar agradar.

#fyp #foryou #autoamor #amorproprio #selflove #viviannedossantos #seteveus #manhãs #moçambique","","vsq-0014.mp4"
"2026-06-15","10:00","Instagram","Sabias que...

Liberta hoje uma culpa antiga. Não precisas dela para fazer este dia florescer.

Vivianne dos Santos · seteveus.space

.
.
.

#autoperdao #liberta #recomeço #viviannedossantos #seteveus #escoladosveus #manhãs #despertar #consciencia #espiritualidade #moçambique #maputo","","vsq-0015.mp4"
"2026-06-15","10:30","TikTok","Sabias que... Liberta hoje uma culpa antiga. Não precisas dela para fazer este dia florescer.

#fyp #foryou #autoperdao #liberta #recomeço #viviannedossantos #seteveus #manhãs #moçambique","","vsq-0015.mp4"
"2026-06-16","10:00","Instagram","Sabias que...

Quem foste ontem trouxe-te até aqui. Agradece-lhe, e segue.

Vivianne dos Santos · seteveus.space

.
.
.

#autoperdao #liberta #recomeço #viviannedossantos #seteveus #escoladosveus #manhãs #despertar #consciencia #espiritualidade #moçambique #maputo","","vsq-0016.mp4"
"2026-06-16","10:30","TikTok","Sabias que... Quem foste ontem trouxe-te até aqui. Agradece-lhe, e segue.

#fyp #foryou #autoperdao #liberta #recomeço #viviannedossantos #seteveus #manhãs #moçambique","","vsq-0016.mp4"
"2026-06-17","10:00","Instagram","Sabias que...

Perdoares-te é parar de te punires por algo que já não és.

Vivianne dos Santos · seteveus.space

.
.
.

#autoperdao #liberta #recomeço #viviannedossantos #seteveus #escoladosveus #manhãs #despertar #consciencia #espiritualidade #moçambique #maputo","","vsq-0017.mp4"
"2026-06-17","10:30","TikTok","Sabias que... Perdoares-te é parar de te punires por algo que já não és.

#fyp #foryou #autoperdao #liberta #recomeço #viviannedossantos #seteveus #manhãs #moçambique","","vsq-0017.mp4"
"2026-06-18","10:00","Instagram","Sabias que...

A tua versão de ontem fez o melhor que pôde com o que tinha. Honra isso.

Vivianne dos Santos · seteveus.space

.
.
.

#autoperdao #liberta #recomeço #viviannedossantos #seteveus #escoladosveus #manhãs #despertar #consciencia #espiritualidade #moçambique #maputo","","vsq-0018.mp4"
"2026-06-18","10:30","TikTok","Sabias que... A tua versão de ontem fez o melhor que pôde com o que tinha. Honra isso.

#fyp #foryou #autoperdao #liberta #recomeço #viviannedossantos #seteveus #manhãs #moçambique","","vsq-0018.mp4"
"2026-06-19","10:00","Instagram","Sabias que...

Cada amanhecer é um convite a recomeçar. Aceita-o sem peso.

Vivianne dos Santos · seteveus.space

.
.
.

#autoperdao #liberta #recomeço #viviannedossantos #seteveus #escoladosveus #manhãs #despertar #consciencia #espiritualidade #moçambique #maputo","","vsq-0019.mp4"
"2026-06-19","10:30","TikTok","Sabias que... Cada amanhecer é um convite a recomeçar. Aceita-o sem peso.

#fyp #foryou #autoperdao #liberta #recomeço #viviannedossantos #seteveus #manhãs #moçambique","","vsq-0019.mp4"
"2026-06-20","10:00","Instagram","Sabias que...

Solta o que já não te serve como a árvore solta a folha: sem drama, com fé.

Vivianne dos Santos · seteveus.space

.
.
.

#autoperdao #liberta #recomeço #viviannedossantos #seteveus #escoladosveus #manhãs #despertar #consciencia #espiritualidade #moçambique #maputo","","vsq-0020.mp4"
"2026-06-20","10:30","TikTok","Sabias que... Solta o que já não te serve como a árvore solta a folha: sem drama, com fé.

#fyp #foryou #autoperdao #liberta #recomeço #viviannedossantos #seteveus #manhãs #moçambique","","vsq-0020.mp4"
"2026-06-21","10:00","Instagram","Sabias que...

O lótus aprendeu a florescer na lama. Tu também sabes. Confia no teu tempo.

Vivianne dos Santos · seteveus.space

.
.
.

#florescer #lotusflower #lotus #paciencia #viviannedossantos #seteveus #escoladosveus #manhãs #despertar #consciencia #espiritualidade #moçambique #maputo","","vsq-0021.mp4"
"2026-06-21","10:30","TikTok","Sabias que... O lótus aprendeu a florescer na lama. Tu também sabes. Confia no teu tempo.

#fyp #foryou #florescer #lotusflower #lotus #paciencia #viviannedossantos #seteveus #manhãs #moçambique","","vsq-0021.mp4"
"2026-06-22","10:00","Instagram","Sabias que...

Não compares a tua estação com a dos outros. Cada flor abre quando é a sua hora.

Vivianne dos Santos · seteveus.space

.
.
.

#florescer #lotusflower #lotus #paciencia #viviannedossantos #seteveus #escoladosveus #manhãs #despertar #consciencia #espiritualidade #moçambique #maputo","","vsq-0022.mp4"
"2026-06-22","10:30","TikTok","Sabias que... Não compares a tua estação com a dos outros. Cada flor abre quando é a sua hora.

#fyp #foryou #florescer #lotusflower #lotus #paciencia #viviannedossantos #seteveus #manhãs #moçambique","","vsq-0022.mp4"
"2026-06-23","10:00","Instagram","Sabias que...

O que está a germinar em ti agora pede paciência, não pressa.

Vivianne dos Santos · seteveus.space

.
.
.

#florescer #lotusflower #lotus #paciencia #viviannedossantos #seteveus #escoladosveus #manhãs #despertar #consciencia #espiritualidade #moçambique #maputo","","vsq-0023.mp4"
"2026-06-23","10:30","TikTok","Sabias que... O que está a germinar em ti agora pede paciência, não pressa.

#fyp #foryou #florescer #lotusflower #lotus #paciencia #viviannedossantos #seteveus #manhãs #moçambique","","vsq-0023.mp4"
"2026-06-24","10:00","Instagram","Sabias que...

Confia: a tua semente sabe quando abrir, mesmo que tu ainda não saibas.

Vivianne dos Santos · seteveus.space

.
.
.

#florescer #lotusflower #lotus #paciencia #viviannedossantos #seteveus #escoladosveus #manhãs #despertar #consciencia #espiritualidade #moçambique #maputo","","vsq-0024.mp4"
"2026-06-24","10:30","TikTok","Sabias que... Confia: a tua semente sabe quando abrir, mesmo que tu ainda não saibas.

#fyp #foryou #florescer #lotusflower #lotus #paciencia #viviannedossantos #seteveus #manhãs #moçambique","","vsq-0024.mp4"
"2026-06-25","10:00","Instagram","Sabias que...

Florescer não é um esforço, é uma rendição luminosa ao tempo certo.

Vivianne dos Santos · seteveus.space

.
.
.

#florescer #lotusflower #lotus #paciencia #viviannedossantos #seteveus #escoladosveus #manhãs #despertar #consciencia #espiritualidade #moçambique #maputo","","vsq-0025.mp4"
"2026-06-25","10:30","TikTok","Sabias que... Florescer não é um esforço, é uma rendição luminosa ao tempo certo.

#fyp #foryou #florescer #lotusflower #lotus #paciencia #viviannedossantos #seteveus #manhãs #moçambique","","vsq-0025.mp4"
"2026-06-26","10:00","Instagram","Sabias que...

Hoje, planta uma intenção pequena. Amanhã, rega-a com presença.

Vivianne dos Santos · seteveus.space

.
.
.

#florescer #lotusflower #lotus #paciencia #viviannedossantos #seteveus #escoladosveus #manhãs #despertar #consciencia #espiritualidade #moçambique #maputo","","vsq-0026.mp4"
"2026-06-26","10:30","TikTok","Sabias que... Hoje, planta uma intenção pequena. Amanhã, rega-a com presença.

#fyp #foryou #florescer #lotusflower #lotus #paciencia #viviannedossantos #seteveus #manhãs #moçambique","","vsq-0026.mp4"
"2026-06-27","10:00","Instagram","Sabias que...

Antes de pegares no telemóvel, respira três vezes. É assim que se acorda em ti.

Vivianne dos Santos · seteveus.space

.
.
.

#presenca #mindfulness #aquiagora #viviannedossantos #seteveus #escoladosveus #manhãs #despertar #consciencia #espiritualidade #moçambique #maputo","","vsq-0027.mp4"
"2026-06-27","10:30","TikTok","Sabias que... Antes de pegares no telemóvel, respira três vezes. É assim que se acorda em ti.

#fyp #foryou #presenca #mindfulness #aquiagora #viviannedossantos #seteveus #manhãs #moçambique","","vsq-0027.mp4"
"2026-06-28","10:00","Instagram","Sabias que...

Estar presente é a forma mais bonita de fazeres pouco e sentires muito.

Vivianne dos Santos · seteveus.space

.
.
.

#presenca #mindfulness #aquiagora #viviannedossantos #seteveus #escoladosveus #manhãs #despertar #consciencia #espiritualidade #moçambique #maputo","","vsq-0028.mp4"
"2026-06-28","10:30","TikTok","Sabias que... Estar presente é a forma mais bonita de fazeres pouco e sentires muito.

#fyp #foryou #presenca #mindfulness #aquiagora #viviannedossantos #seteveus #manhãs #moçambique","","vsq-0028.mp4"
"2026-06-29","10:00","Instagram","Sabias que...

Hoje, faz uma coisa de cada vez. A pressa rouba a alegria.

Vivianne dos Santos · seteveus.space

.
.
.

#presenca #mindfulness #aquiagora #viviannedossantos #seteveus #escoladosveus #manhãs #despertar #consciencia #espiritualidade #moçambique #maputo","","vsq-0029.mp4"
"2026-06-29","10:30","TikTok","Sabias que... Hoje, faz uma coisa de cada vez. A pressa rouba a alegria.

#fyp #foryou #presenca #mindfulness #aquiagora #viviannedossantos #seteveus #manhãs #moçambique","","vsq-0029.mp4"
"2026-06-30","10:00","Instagram","Sabias que...

Repara na luz da manhã. Há ali um convite que não se repete.

Vivianne dos Santos · seteveus.space

.
.
.

#presenca #mindfulness #aquiagora #viviannedossantos #seteveus #escoladosveus #manhãs #despertar #consciencia #espiritualidade #moçambique #maputo","","vsq-0030.mp4"
"2026-06-30","10:30","TikTok","Sabias que... Repara na luz da manhã. Há ali um convite que não se repete.

#fyp #foryou #presenca #mindfulness #aquiagora #viviannedossantos #seteveus #manhãs #moçambique","","vsq-0030.mp4"
"2026-07-01","10:00","Instagram","Sabias que...

Quando a mente acelera, volta ao corpo. O corpo sabe o caminho.

Vivianne dos Santos · seteveus.space

.
.
.

#presenca #mindfulness #aquiagora #viviannedossantos #seteveus #escoladosveus #manhãs #despertar #consciencia #espiritualidade #moçambique #maputo","","vsq-0031.mp4"
"2026-07-01","10:30","TikTok","Sabias que... Quando a mente acelera, volta ao corpo. O corpo sabe o caminho.

#fyp #foryou #presenca #mindfulness #aquiagora #viviannedossantos #seteveus #manhãs #moçambique","","vsq-0031.mp4"
"2026-07-02","10:00","Instagram","Sabias que...

Este momento é a única semente que podes plantar agora. E é suficiente.

Vivianne dos Santos · seteveus.space

.
.
.

#presenca #mindfulness #aquiagora #viviannedossantos #seteveus #escoladosveus #manhãs #despertar #consciencia #espiritualidade #moçambique #maputo","","vsq-0032.mp4"
"2026-07-02","10:30","TikTok","Sabias que... Este momento é a única semente que podes plantar agora. E é suficiente.

#fyp #foryou #presenca #mindfulness #aquiagora #viviannedossantos #seteveus #manhãs #moçambique","","vsq-0032.mp4"
"2026-07-03","10:00","Instagram","Sabias que...

Hoje, faz menos com mais alma. A lua não acelera para ser cheia.

Vivianne dos Santos · seteveus.space

.
.
.

#suavidade #descanso #equilibrio #viviannedossantos #seteveus #escoladosveus #manhãs #despertar #consciencia #espiritualidade #moçambique #maputo","","vsq-0033.mp4"
"2026-07-03","10:30","TikTok","Sabias que... Hoje, faz menos com mais alma. A lua não acelera para ser cheia.

#fyp #foryou #suavidade #descanso #equilibrio #viviannedossantos #seteveus #manhãs #moçambique","","vsq-0033.mp4"
"2026-07-04","10:00","Instagram","Sabias que...

Descansar não é desistir. É confiares que o mundo continua sem ti, durante um pouco.

Vivianne dos Santos · seteveus.space

.
.
.

#suavidade #descanso #equilibrio #viviannedossantos #seteveus #escoladosveus #manhãs #despertar #consciencia #espiritualidade #moçambique #maputo","","vsq-0034.mp4"
"2026-07-04","10:30","TikTok","Sabias que... Descansar não é desistir. É confiares que o mundo continua sem ti, durante um pouco.

#fyp #foryou #suavidade #descanso #equilibrio #viviannedossantos #seteveus #manhãs #moçambique","","vsq-0034.mp4"
"2026-07-05","10:00","Instagram","Sabias que...

O ramo que cede ao vento dura mais do que o que resiste. Sê suave contigo.

Vivianne dos Santos · seteveus.space

.
.
.

#suavidade #descanso #equilibrio #viviannedossantos #seteveus #escoladosveus #manhãs #despertar #consciencia #espiritualidade #moçambique #maputo","","vsq-0035.mp4"
"2026-07-05","10:30","TikTok","Sabias que... O ramo que cede ao vento dura mais do que o que resiste. Sê suave contigo.

#fyp #foryou #suavidade #descanso #equilibrio #viviannedossantos #seteveus #manhãs #moçambique","","vsq-0035.mp4"
"2026-07-06","10:00","Instagram","Sabias que...

Permite-te ir devagar hoje. A pressa nunca foi prova de valor.

Vivianne dos Santos · seteveus.space

.
.
.

#suavidade #descanso #equilibrio #viviannedossantos #seteveus #escoladosveus #manhãs #despertar #consciencia #espiritualidade #moçambique #maputo","","vsq-0036.mp4"
"2026-07-06","10:30","TikTok","Sabias que... Permite-te ir devagar hoje. A pressa nunca foi prova de valor.

#fyp #foryou #suavidade #descanso #equilibrio #viviannedossantos #seteveus #manhãs #moçambique","","vsq-0036.mp4"
"2026-07-07","10:00","Instagram","Sabias que...

Beber água, respirar fundo, parar um instante. Pequenos gestos sustentam grandes vidas.

Vivianne dos Santos · seteveus.space

.
.
.

#suavidade #descanso #equilibrio #viviannedossantos #seteveus #escoladosveus #manhãs #despertar #consciencia #espiritualidade #moçambique #maputo","","vsq-0037.mp4"
"2026-07-07","10:30","TikTok","Sabias que... Beber água, respirar fundo, parar um instante. Pequenos gestos sustentam grandes vidas.

#fyp #foryou #suavidade #descanso #equilibrio #viviannedossantos #seteveus #manhãs #moçambique","","vsq-0037.mp4"
"2026-07-08","10:00","Instagram","Sabias que...

Cuida da tua energia como cuidas de uma planta delicada. É o que te sustenta.

Vivianne dos Santos · seteveus.space

.
.
.

#suavidade #descanso #equilibrio #viviannedossantos #seteveus #escoladosveus #manhãs #despertar #consciencia #espiritualidade #moçambique #maputo","","vsq-0038.mp4"
"2026-07-08","10:30","TikTok","Sabias que... Cuida da tua energia como cuidas de uma planta delicada. É o que te sustenta.

#fyp #foryou #suavidade #descanso #equilibrio #viviannedossantos #seteveus #manhãs #moçambique","","vsq-0038.mp4"
"2026-07-09","10:00","Instagram","Sabias que...

Sonha grande, mas começa pequeno. As maiores árvores começaram numa única semente.

Vivianne dos Santos · seteveus.space

.
.
.

#sonhar #manifestar #raizes #viviannedossantos #seteveus #escoladosveus #manhãs #despertar #consciencia #espiritualidade #moçambique #maputo","","vsq-0039.mp4"
"2026-07-09","10:30","TikTok","Sabias que... Sonha grande, mas começa pequeno. As maiores árvores começaram numa única semente.

#fyp #foryou #sonhar #manifestar #raizes #viviannedossantos #seteveus #manhãs #moçambique","","vsq-0039.mp4"
"2026-07-10","10:00","Instagram","Sabias que...

O teu sonho não precisa de pressa, precisa de raiz.

Vivianne dos Santos · seteveus.space

.
.
.

#sonhar #manifestar #raizes #viviannedossantos #seteveus #escoladosveus #manhãs #despertar #consciencia #espiritualidade #moçambique #maputo","","vsq-0040.mp4"
"2026-07-10","10:30","TikTok","Sabias que... O teu sonho não precisa de pressa, precisa de raiz.

#fyp #foryou #sonhar #manifestar #raizes #viviannedossantos #seteveus #manhãs #moçambique","","vsq-0040.mp4"
"2026-07-11","10:00","Instagram","Sabias que...

Hoje, dá um passo na direcção do que te chama em silêncio. Basta um.

Vivianne dos Santos · seteveus.space

.
.
.

#sonhar #manifestar #raizes #viviannedossantos #seteveus #escoladosveus #manhãs #despertar #consciencia #espiritualidade #moçambique #maputo","","vsq-0041.mp4"
"2026-07-11","10:30","TikTok","Sabias que... Hoje, dá um passo na direcção do que te chama em silêncio. Basta um.

#fyp #foryou #sonhar #manifestar #raizes #viviannedossantos #seteveus #manhãs #moçambique","","vsq-0041.mp4"
"2026-07-12","10:00","Instagram","Sabias que...

Os teus sonhos têm raízes, não asas que fogem. Plantam-se em ti, e crescem com calma.

Vivianne dos Santos · seteveus.space

.
.
.

#sonhar #manifestar #raizes #viviannedossantos #seteveus #escoladosveus #manhãs #despertar #consciencia #espiritualidade #moçambique #maputo","","vsq-0042.mp4"
"2026-07-12","10:30","TikTok","Sabias que... Os teus sonhos têm raízes, não asas que fogem. Plantam-se em ti, e crescem com calma.

#fyp #foryou #sonhar #manifestar #raizes #viviannedossantos #seteveus #manhãs #moçambique","","vsq-0042.mp4"
"2026-07-13","10:00","Instagram","Sabias que...

Visualiza, ao acordar, a vida que queres habitar. Depois, faz uma coisa em direcção a ela.

Vivianne dos Santos · seteveus.space

.
.
.

#sonhar #manifestar #raizes #viviannedossantos #seteveus #escoladosveus #manhãs #despertar #consciencia #espiritualidade #moçambique #maputo","","vsq-0043.mp4"
"2026-07-13","10:30","TikTok","Sabias que... Visualiza, ao acordar, a vida que queres habitar. Depois, faz uma coisa em direcção a ela.

#fyp #foryou #sonhar #manifestar #raizes #viviannedossantos #seteveus #manhãs #moçambique","","vsq-0043.mp4"
"2026-07-14","10:00","Instagram","Sabias que...

O que te chama com ternura é, quase sempre, o caminho mais verdadeiro.

Vivianne dos Santos · seteveus.space

.
.
.

#sonhar #manifestar #raizes #viviannedossantos #seteveus #escoladosveus #manhãs #despertar #consciencia #espiritualidade #moçambique #maputo","","vsq-0044.mp4"
"2026-07-14","10:30","TikTok","Sabias que... O que te chama com ternura é, quase sempre, o caminho mais verdadeiro.

#fyp #foryou #sonhar #manifestar #raizes #viviannedossantos #seteveus #manhãs #moçambique","","vsq-0044.mp4"
"2026-07-15","10:00","Instagram","Sabias que...

Aceita-te inteira hoje: luz e sombra, certeza e dúvida. Tudo cabe em ti.

Vivianne dos Santos · seteveus.space

.
.
.

#inteireza #integridade #unidade #viviannedossantos #seteveus #escoladosveus #manhãs #despertar #consciencia #espiritualidade #moçambique #maputo","","vsq-0045.mp4"
"2026-07-15","10:30","TikTok","Sabias que... Aceita-te inteira hoje: luz e sombra, certeza e dúvida. Tudo cabe em ti.

#fyp #foryou #inteireza #integridade #unidade #viviannedossantos #seteveus #manhãs #moçambique","","vsq-0045.mp4"
"2026-07-16","10:00","Instagram","Sabias que...

Não tens de escolher entre seres forte e seres frágil. Podes ser ambas, e bonita.

Vivianne dos Santos · seteveus.space

.
.
.

#inteireza #integridade #unidade #viviannedossantos #seteveus #escoladosveus #manhãs #despertar #consciencia #espiritualidade #moçambique #maputo","","vsq-0046.mp4"
"2026-07-16","10:30","TikTok","Sabias que... Não tens de escolher entre seres forte e seres frágil. Podes ser ambas, e bonita.

#fyp #foryou #inteireza #integridade #unidade #viviannedossantos #seteveus #manhãs #moçambique","","vsq-0046.mp4"
"2026-07-17","10:00","Instagram","Sabias que...

A tua complexidade não é defeito. É riqueza, como um jardim com muitas espécies.

Vivianne dos Santos · seteveus.space

.
.
.

#inteireza #integridade #unidade #viviannedossantos #seteveus #escoladosveus #manhãs #despertar #consciencia #espiritualidade #moçambique #maputo","","vsq-0047.mp4"
"2026-07-17","10:30","TikTok","Sabias que... A tua complexidade não é defeito. É riqueza, como um jardim com muitas espécies.

#fyp #foryou #inteireza #integridade #unidade #viviannedossantos #seteveus #manhãs #moçambique","","vsq-0047.mp4"
"2026-07-18","10:00","Instagram","Sabias que...

Honra os teus opostos. É na união deles que mora a tua paz.

Vivianne dos Santos · seteveus.space

.
.
.

#inteireza #integridade #unidade #viviannedossantos #seteveus #escoladosveus #manhãs #despertar #consciencia #espiritualidade #moçambique #maputo","","vsq-0048.mp4"
"2026-07-18","10:30","TikTok","Sabias que... Honra os teus opostos. É na união deles que mora a tua paz.

#fyp #foryou #inteireza #integridade #unidade #viviannedossantos #seteveus #manhãs #moçambique","","vsq-0048.mp4"
"2026-07-19","10:00","Instagram","Sabias que...

Podes amar e, ainda assim, afastar-te. Ambas as verdades cabem em ti.

Vivianne dos Santos · seteveus.space

.
.
.

#inteireza #integridade #unidade #viviannedossantos #seteveus #escoladosveus #manhãs #despertar #consciencia #espiritualidade #moçambique #maputo","","vsq-0049.mp4"
"2026-07-19","10:30","TikTok","Sabias que... Podes amar e, ainda assim, afastar-te. Ambas as verdades cabem em ti.

#fyp #foryou #inteireza #integridade #unidade #viviannedossantos #seteveus #manhãs #moçambique","","vsq-0049.mp4"
"2026-07-20","10:00","Instagram","Sabias que...

Ser inteira é deixares todas as cores caberem no mesmo arco-íris.

Vivianne dos Santos · seteveus.space

.
.
.

#inteireza #integridade #unidade #viviannedossantos #seteveus #escoladosveus #manhãs #despertar #consciencia #espiritualidade #moçambique #maputo","","vsq-0050.mp4"
"2026-07-20","10:30","TikTok","Sabias que... Ser inteira é deixares todas as cores caberem no mesmo arco-íris.

#fyp #foryou #inteireza #integridade #unidade #viviannedossantos #seteveus #manhãs #moçambique","","vsq-0050.mp4"
"2026-07-21","10:00","Instagram","Sabias que...

Ao acordar, agradece ao teu corpo antes de pedires algo dele.

Vivianne dos Santos · seteveus.space

.
.
.

#corpo #respiracao #embodiment #viviannedossantos #seteveus #escoladosveus #manhãs #despertar #consciencia #espiritualidade #moçambique #maputo","","vsq-0051.mp4"
"2026-07-21","10:30","TikTok","Sabias que... Ao acordar, agradece ao teu corpo antes de pedires algo dele.

#fyp #foryou #corpo #respiracao #embodiment #viviannedossantos #seteveus #manhãs #moçambique","","vsq-0051.mp4"
"2026-07-22","10:00","Instagram","Sabias que...

O teu corpo já sabia, antes de tu pensares. Volta a ele. É casa.

Vivianne dos Santos · seteveus.space

.
.
.

#corpo #respiracao #embodiment #viviannedossantos #seteveus #escoladosveus #manhãs #despertar #consciencia #espiritualidade #moçambique #maputo","","vsq-0052.mp4"
"2026-07-22","10:30","TikTok","Sabias que... O teu corpo já sabia, antes de tu pensares. Volta a ele. É casa.

#fyp #foryou #corpo #respiracao #embodiment #viviannedossantos #seteveus #manhãs #moçambique","","vsq-0052.mp4"
"2026-07-23","10:00","Instagram","Sabias que...

Hoje, repara nos teus pés no chão. É o gesto mais simples de regresso a ti.

Vivianne dos Santos · seteveus.space

.
.
.

#corpo #respiracao #embodiment #viviannedossantos #seteveus #escoladosveus #manhãs #despertar #consciencia #espiritualidade #moçambique #maputo","","vsq-0053.mp4"
"2026-07-23","10:30","TikTok","Sabias que... Hoje, repara nos teus pés no chão. É o gesto mais simples de regresso a ti.

#fyp #foryou #corpo #respiracao #embodiment #viviannedossantos #seteveus #manhãs #moçambique","","vsq-0053.mp4"
"2026-07-24","10:00","Instagram","Sabias que...

Bebe água ao acordar. É a primeira forma de dizeres 'amo-te' ao teu corpo.

Vivianne dos Santos · seteveus.space

.
.
.

#corpo #respiracao #embodiment #viviannedossantos #seteveus #escoladosveus #manhãs #despertar #consciencia #espiritualidade #moçambique #maputo","","vsq-0054.mp4"
"2026-07-24","10:30","TikTok","Sabias que... Bebe água ao acordar. É a primeira forma de dizeres 'amo-te' ao teu corpo.

#fyp #foryou #corpo #respiracao #embodiment #viviannedossantos #seteveus #manhãs #moçambique","","vsq-0054.mp4"
"2026-07-25","10:00","Instagram","Sabias que...

Move o corpo um pouco hoje. A vida começa a circular onde a respiração entra.

Vivianne dos Santos · seteveus.space

.
.
.

#corpo #respiracao #embodiment #viviannedossantos #seteveus #escoladosveus #manhãs #despertar #consciencia #espiritualidade #moçambique #maputo","","vsq-0055.mp4"
"2026-07-25","10:30","TikTok","Sabias que... Move o corpo um pouco hoje. A vida começa a circular onde a respiração entra.

#fyp #foryou #corpo #respiracao #embodiment #viviannedossantos #seteveus #manhãs #moçambique","","vsq-0055.mp4"
"2026-07-26","10:00","Instagram","Sabias que...

Ouvir o cansaço também é cuidado. Honra-o sem culpa.

Vivianne dos Santos · seteveus.space

.
.
.

#corpo #respiracao #embodiment #viviannedossantos #seteveus #escoladosveus #manhãs #despertar #consciencia #espiritualidade #moçambique #maputo","","vsq-0056.mp4"
"2026-07-26","10:30","TikTok","Sabias que... Ouvir o cansaço também é cuidado. Honra-o sem culpa.

#fyp #foryou #corpo #respiracao #embodiment #viviannedossantos #seteveus #manhãs #moçambique","","vsq-0056.mp4"
"2026-07-27","10:00","Instagram","Sabias que...

Avança um passo, mesmo sem ver o caminho. A aurora também não pede licença para chegar.

Vivianne dos Santos · seteveus.space

.
.
.

#confianca #fé #fluir #viviannedossantos #seteveus #escoladosveus #manhãs #despertar #consciencia #espiritualidade #moçambique #maputo","","vsq-0057.mp4"
"2026-07-27","10:30","TikTok","Sabias que... Avança um passo, mesmo sem ver o caminho. A aurora também não pede licença para chegar.

#fyp #foryou #confianca #fé #fluir #viviannedossantos #seteveus #manhãs #moçambique","","vsq-0057.mp4"
"2026-07-28","10:00","Instagram","Sabias que...

O que está para ti não passa por ti sem te tocar. Confia.

Vivianne dos Santos · seteveus.space

.
.
.

#confianca #fé #fluir #viviannedossantos #seteveus #escoladosveus #manhãs #despertar #consciencia #espiritualidade #moçambique #maputo","","vsq-0058.mp4"
"2026-07-28","10:30","TikTok","Sabias que... O que está para ti não passa por ti sem te tocar. Confia.

#fyp #foryou #confianca #fé #fluir #viviannedossantos #seteveus #manhãs #moçambique","","vsq-0058.mp4"
"2026-07-29","10:00","Instagram","Sabias que...

As raízes confiam no escuro. Por isso é que as flores podem confiar na luz.

Vivianne dos Santos · seteveus.space

.
.
.

#confianca #fé #fluir #viviannedossantos #seteveus #escoladosveus #manhãs #despertar #consciencia #espiritualidade #moçambique #maputo","","vsq-0059.mp4"
"2026-07-29","10:30","TikTok","Sabias que... As raízes confiam no escuro. Por isso é que as flores podem confiar na luz.

#fyp #foryou #confianca #fé #fluir #viviannedossantos #seteveus #manhãs #moçambique","","vsq-0059.mp4"
"2026-07-30","10:00","Instagram","Sabias que...

O atraso que sentes é, quase sempre, preparação. Continua.

Vivianne dos Santos · seteveus.space

.
.
.

#confianca #fé #fluir #viviannedossantos #seteveus #escoladosveus #manhãs #despertar #consciencia #espiritualidade #moçambique #maputo","","vsq-0060.mp4"
"2026-07-30","10:30","TikTok","Sabias que... O atraso que sentes é, quase sempre, preparação. Continua.

#fyp #foryou #confianca #fé #fluir #viviannedossantos #seteveus #manhãs #moçambique","","vsq-0060.mp4"
"2026-07-31","10:00","Instagram","Sabias que...

Hoje, deixa de tentar controlar. Faz o teu, o resto floresce.

Vivianne dos Santos · seteveus.space

.
.
.

#confianca #fé #fluir #viviannedossantos #seteveus #escoladosveus #manhãs #despertar #consciencia #espiritualidade #moçambique #maputo","","vsq-0061.mp4"
"2026-07-31","10:30","TikTok","Sabias que... Hoje, deixa de tentar controlar. Faz o teu, o resto floresce.

#fyp #foryou #confianca #fé #fluir #viviannedossantos #seteveus #manhãs #moçambique","","vsq-0061.mp4"
"2026-08-01","10:00","Instagram","Sabias que...

Confiar não é ter a certeza. É caminhares mesmo sem ela, com leveza.

Vivianne dos Santos · seteveus.space

.
.
.

#confianca #fé #fluir #viviannedossantos #seteveus #escoladosveus #manhãs #despertar #consciencia #espiritualidade #moçambique #maputo","","vsq-0062.mp4"
"2026-08-01","10:30","TikTok","Sabias que... Confiar não é ter a certeza. É caminhares mesmo sem ela, com leveza.

#fyp #foryou #confianca #fé #fluir #viviannedossantos #seteveus #manhãs #moçambique","","vsq-0062.mp4"
"2026-08-02","10:00","Instagram","Sabias que...

Começa o dia a notar três pequenas bênçãos. A gratidão multiplica o que existe.

Vivianne dos Santos · seteveus.space

.
.
.

#gratidao #gratitude #abundancia #viviannedossantos #seteveus #escoladosveus #manhãs #despertar #consciencia #espiritualidade #moçambique #maputo","","vsq-0063.mp4"
"2026-08-02","10:30","TikTok","Sabias que... Começa o dia a notar três pequenas bênçãos. A gratidão multiplica o que existe.

#fyp #foryou #gratidao #gratitude #abundancia #viviannedossantos #seteveus #manhãs #moçambique","","vsq-0063.mp4"
"2026-08-03","10:00","Instagram","Sabias que...

Diz 'obrigada' à manhã. É um gesto silencioso que muda o teu olhar.

Vivianne dos Santos · seteveus.space

.
.
.

#gratidao #gratitude #abundancia #viviannedossantos #seteveus #escoladosveus #manhãs #despertar #consciencia #espiritualidade #moçambique #maputo","","vsq-0064.mp4"
"2026-08-03","10:30","TikTok","Sabias que... Diz 'obrigada' à manhã. É um gesto silencioso que muda o teu olhar.

#fyp #foryou #gratidao #gratitude #abundancia #viviannedossantos #seteveus #manhãs #moçambique","","vsq-0064.mp4"
"2026-08-04","10:00","Instagram","Sabias que...

Há, no banal, um néctar escondido. Só os atentos o sabem colher.

Vivianne dos Santos · seteveus.space

.
.
.

#gratidao #gratitude #abundancia #viviannedossantos #seteveus #escoladosveus #manhãs #despertar #consciencia #espiritualidade #moçambique #maputo","","vsq-0065.mp4"
"2026-08-04","10:30","TikTok","Sabias que... Há, no banal, um néctar escondido. Só os atentos o sabem colher.

#fyp #foryou #gratidao #gratitude #abundancia #viviannedossantos #seteveus #manhãs #moçambique","","vsq-0065.mp4"
"2026-08-05","10:00","Instagram","Sabias que...

Hoje, agradece ao que te trouxe até aqui: ao pão, à luz, à própria respiração.

Vivianne dos Santos · seteveus.space

.
.
.

#gratidao #gratitude #abundancia #viviannedossantos #seteveus #escoladosveus #manhãs #despertar #consciencia #espiritualidade #moçambique #maputo","","vsq-0066.mp4"
"2026-08-05","10:30","TikTok","Sabias que... Hoje, agradece ao que te trouxe até aqui: ao pão, à luz, à própria respiração.

#fyp #foryou #gratidao #gratitude #abundancia #viviannedossantos #seteveus #manhãs #moçambique","","vsq-0066.mp4"
"2026-08-06","10:00","Instagram","Sabias que...

Agradecer é o gesto mais leve que multiplica a beleza onde já existe.

Vivianne dos Santos · seteveus.space

.
.
.

#gratidao #gratitude #abundancia #viviannedossantos #seteveus #escoladosveus #manhãs #despertar #consciencia #espiritualidade #moçambique #maputo","","vsq-0067.mp4"
"2026-08-06","10:30","TikTok","Sabias que... Agradecer é o gesto mais leve que multiplica a beleza onde já existe.

#fyp #foryou #gratidao #gratitude #abundancia #viviannedossantos #seteveus #manhãs #moçambique","","vsq-0067.mp4"
"2026-08-07","10:00","Instagram","Sabias que...

Lembra-te: a tua vida tem mais pequenos milagres do que dias para os notar.

Vivianne dos Santos · seteveus.space

.
.
.

#gratidao #gratitude #abundancia #viviannedossantos #seteveus #escoladosveus #manhãs #despertar #consciencia #espiritualidade #moçambique #maputo","","vsq-0068.mp4"
"2026-08-07","10:30","TikTok","Sabias que... Lembra-te: a tua vida tem mais pequenos milagres do que dias para os notar.

#fyp #foryou #gratidao #gratitude #abundancia #viviannedossantos #seteveus #manhãs #moçambique","","vsq-0068.mp4"
"2026-08-08","10:00","Instagram","Sabias que...

Procura uma alegria pequena hoje: uma chávena, uma luz, um cheiro. É suficiente.

Vivianne dos Santos · seteveus.space

.
.
.

#alegria #alegriasimples #pequenasalegrias #viviannedossantos #seteveus #escoladosveus #manhãs #despertar #consciencia #espiritualidade #moçambique #maputo","","vsq-0069.mp4"
"2026-08-08","10:30","TikTok","Sabias que... Procura uma alegria pequena hoje: uma chávena, uma luz, um cheiro. É suficiente.

#fyp #foryou #alegria #alegriasimples #pequenasalegrias #viviannedossantos #seteveus #manhãs #moçambique","","vsq-0069.mp4"
"2026-08-09","10:00","Instagram","Sabias que...

Permite-te rir, mesmo sozinha. O riso é uma oração curta.

Vivianne dos Santos · seteveus.space

.
.
.

#alegria #alegriasimples #pequenasalegrias #viviannedossantos #seteveus #escoladosveus #manhãs #despertar #consciencia #espiritualidade #moçambique #maputo","","vsq-0070.mp4"
"2026-08-09","10:30","TikTok","Sabias que... Permite-te rir, mesmo sozinha. O riso é uma oração curta.

#fyp #foryou #alegria #alegriasimples #pequenasalegrias #viviannedossantos #seteveus #manhãs #moçambique","","vsq-0070.mp4"
"2026-08-10","10:00","Instagram","Sabias que...

A leveza é a forma mais elevada de seriedade. Pratica-a hoje.

Vivianne dos Santos · seteveus.space

.
.
.

#alegria #alegriasimples #pequenasalegrias #viviannedossantos #seteveus #escoladosveus #manhãs #despertar #consciencia #espiritualidade #moçambique #maputo","","vsq-0071.mp4"
"2026-08-10","10:30","TikTok","Sabias que... A leveza é a forma mais elevada de seriedade. Pratica-a hoje.

#fyp #foryou #alegria #alegriasimples #pequenasalegrias #viviannedossantos #seteveus #manhãs #moçambique","","vsq-0071.mp4"
"2026-08-11","10:00","Instagram","Sabias que...

Não esperes razões para seres feliz. Algumas alegrias chegam sem pedir licença.

Vivianne dos Santos · seteveus.space

.
.
.

#alegria #alegriasimples #pequenasalegrias #viviannedossantos #seteveus #escoladosveus #manhãs #despertar #consciencia #espiritualidade #moçambique #maputo","","vsq-0072.mp4"
"2026-08-11","10:30","TikTok","Sabias que... Não esperes razões para seres feliz. Algumas alegrias chegam sem pedir licença.

#fyp #foryou #alegria #alegriasimples #pequenasalegrias #viviannedossantos #seteveus #manhãs #moçambique","","vsq-0072.mp4"
"2026-08-12","10:00","Instagram","Sabias que...

Hoje, faz uma coisa só por prazer. Sem produzir, sem provar.

Vivianne dos Santos · seteveus.space

.
.
.

#alegria #alegriasimples #pequenasalegrias #viviannedossantos #seteveus #escoladosveus #manhãs #despertar #consciencia #espiritualidade #moçambique #maputo","","vsq-0073.mp4"
"2026-08-12","10:30","TikTok","Sabias que... Hoje, faz uma coisa só por prazer. Sem produzir, sem provar.

#fyp #foryou #alegria #alegriasimples #pequenasalegrias #viviannedossantos #seteveus #manhãs #moçambique","","vsq-0073.mp4"
"2026-08-13","10:00","Instagram","Sabias que...

A felicidade vive nas pequenas coisas. Só precisa que pares para a notares.

Vivianne dos Santos · seteveus.space

.
.
.

#alegria #alegriasimples #pequenasalegrias #viviannedossantos #seteveus #escoladosveus #manhãs #despertar #consciencia #espiritualidade #moçambique #maputo","","vsq-0074.mp4"
"2026-08-13","10:30","TikTok","Sabias que... A felicidade vive nas pequenas coisas. Só precisa que pares para a notares.

#fyp #foryou #alegria #alegriasimples #pequenasalegrias #viviannedossantos #seteveus #manhãs #moçambique","","vsq-0074.mp4"
"2026-08-14","10:00","Instagram","Sabias que...

Lembra-te hoje: estares aqui já é uma forma de poesia.

Vivianne dos Santos · seteveus.space

.
.
.

#beleza #poesiadavida #manhã #viviannedossantos #seteveus #escoladosveus #manhãs #despertar #consciencia #espiritualidade #moçambique #maputo","","vsq-0075.mp4"
"2026-08-14","10:30","TikTok","Sabias que... Lembra-te hoje: estares aqui já é uma forma de poesia.

#fyp #foryou #beleza #poesiadavida #manhã #viviannedossantos #seteveus #manhãs #moçambique","","vsq-0075.mp4"
"2026-08-15","10:00","Instagram","Sabias que...

Que coisa rara é uma manhã onde tu estás. Não desperdices a estranheza disso.

Vivianne dos Santos · seteveus.space

.
.
.

#beleza #poesiadavida #manhã #viviannedossantos #seteveus #escoladosveus #manhãs #despertar #consciencia #espiritualidade #moçambique #maputo","","vsq-0076.mp4"
"2026-08-15","10:30","TikTok","Sabias que... Que coisa rara é uma manhã onde tu estás. Não desperdices a estranheza disso.

#fyp #foryou #beleza #poesiadavida #manhã #viviannedossantos #seteveus #manhãs #moçambique","","vsq-0076.mp4"
"2026-08-16","10:00","Instagram","Sabias que...

A beleza não está só na pétala. Está também na coragem de se abrir. Tu também.

Vivianne dos Santos · seteveus.space

.
.
.

#beleza #poesiadavida #manhã #viviannedossantos #seteveus #escoladosveus #manhãs #despertar #consciencia #espiritualidade #moçambique #maputo","","vsq-0077.mp4"
"2026-08-16","10:30","TikTok","Sabias que... A beleza não está só na pétala. Está também na coragem de se abrir. Tu também.

#fyp #foryou #beleza #poesiadavida #manhã #viviannedossantos #seteveus #manhãs #moçambique","","vsq-0077.mp4"
"2026-08-17","10:00","Instagram","Sabias que...

Respirar é um pequeno milagre repetido. E ninguém te cobra a entrada.

Vivianne dos Santos · seteveus.space

.
.
.

#beleza #poesiadavida #manhã #viviannedossantos #seteveus #escoladosveus #manhãs #despertar #consciencia #espiritualidade #moçambique #maputo","","vsq-0078.mp4"
"2026-08-17","10:30","TikTok","Sabias que... Respirar é um pequeno milagre repetido. E ninguém te cobra a entrada.

#fyp #foryou #beleza #poesiadavida #manhã #viviannedossantos #seteveus #manhãs #moçambique","","vsq-0078.mp4"
"2026-08-18","10:00","Instagram","Sabias que...

Olha para a luz da manhã como olharias para um milagre. Porque é.

Vivianne dos Santos · seteveus.space

.
.
.

#beleza #poesiadavida #manhã #viviannedossantos #seteveus #escoladosveus #manhãs #despertar #consciencia #espiritualidade #moçambique #maputo","","vsq-0079.mp4"
"2026-08-18","10:30","TikTok","Sabias que... Olha para a luz da manhã como olharias para um milagre. Porque é.

#fyp #foryou #beleza #poesiadavida #manhã #viviannedossantos #seteveus #manhãs #moçambique","","vsq-0079.mp4"
"2026-08-19","10:00","Instagram","Sabias que...

A tua existência rima com algo. Estás só a aprender o poema. E isso já é vida.

Vivianne dos Santos · seteveus.space

.
.
.

#beleza #poesiadavida #manhã #viviannedossantos #seteveus #escoladosveus #manhãs #despertar #consciencia #espiritualidade #moçambique #maputo","","vsq-0080.mp4"
"2026-08-19","10:30","TikTok","Sabias que... A tua existência rima com algo. Estás só a aprender o poema. E isso já é vida.

#fyp #foryou #beleza #poesiadavida #manhã #viviannedossantos #seteveus #manhãs #moçambique","","vsq-0080.mp4"
"2026-08-20","10:00","Instagram","Sabias que...

A semente cresce no escuro antes de ver a luz. Tu também. Confia no que ainda não se vê.

Vivianne dos Santos · seteveus.space

.
.
.

#florescer #lotusflower #lotus #paciencia #viviannedossantos #seteveus #escoladosveus #manhãs #despertar #consciencia #espiritualidade #moçambique #maputo","","vsq-0081.mp4"
"2026-08-20","10:30","TikTok","Sabias que... A semente cresce no escuro antes de ver a luz. Tu também. Confia no que ainda não se vê.

#fyp #foryou #florescer #lotusflower #lotus #paciencia #viviannedossantos #seteveus #manhãs #moçambique","","vsq-0081.mp4"
"2026-08-21","10:00","Instagram","Sabias que...

O rio encontra sempre o caminho, mesmo quando a pedra resiste. Tu também. Confia no teu fluxo.

Vivianne dos Santos · seteveus.space

.
.
.

#confianca #fé #fluir #viviannedossantos #seteveus #escoladosveus #manhãs #despertar #consciencia #espiritualidade #moçambique #maputo","","vsq-0082.mp4"
"2026-08-21","10:30","TikTok","Sabias que... O rio encontra sempre o caminho, mesmo quando a pedra resiste. Tu também. Confia no teu fluxo.

#fyp #foryou #confianca #fé #fluir #viviannedossantos #seteveus #manhãs #moçambique","","vsq-0082.mp4"
"2026-08-22","10:00","Instagram","Sabias que...

A lua esvazia-se para voltar a encher-se. Tu também. Confia nos teus ciclos.

Vivianne dos Santos · seteveus.space

.
.
.

#florescer #lotusflower #lotus #paciencia #viviannedossantos #seteveus #escoladosveus #manhãs #despertar #consciencia #espiritualidade #moçambique #maputo","","vsq-0083.mp4"
"2026-08-22","10:30","TikTok","Sabias que... A lua esvazia-se para voltar a encher-se. Tu também. Confia nos teus ciclos.

#fyp #foryou #florescer #lotusflower #lotus #paciencia #viviannedossantos #seteveus #manhãs #moçambique","","vsq-0083.mp4"
"2026-08-23","10:00","Instagram","Sabias que...

A árvore curva-se ao vento e não parte. Tu também sabes. Confia na tua raiz.

Vivianne dos Santos · seteveus.space

.
.
.

#confianca #fé #fluir #viviannedossantos #seteveus #escoladosveus #manhãs #despertar #consciencia #espiritualidade #moçambique #maputo","","vsq-0084.mp4"
"2026-08-23","10:30","TikTok","Sabias que... A árvore curva-se ao vento e não parte. Tu também sabes. Confia na tua raiz.

#fyp #foryou #confianca #fé #fluir #viviannedossantos #seteveus #manhãs #moçambique","","vsq-0084.mp4"
"2026-08-24","10:00","Instagram","Sabias que...

O silêncio precede toda a canção. Tu também. Confia na tua pausa.

Vivianne dos Santos · seteveus.space

.
.
.

#suavidade #descanso #equilibrio #viviannedossantos #seteveus #escoladosveus #manhãs #despertar #consciencia #espiritualidade #moçambique #maputo","","vsq-0085.mp4"
"2026-08-24","10:30","TikTok","Sabias que... O silêncio precede toda a canção. Tu também. Confia na tua pausa.

#fyp #foryou #suavidade #descanso #equilibrio #viviannedossantos #seteveus #manhãs #moçambique","","vsq-0085.mp4"
"2026-08-25","10:00","Instagram","Sabias que...

A noite mais escura anuncia o amanhecer. Tu também sabes. Confia no teu tempo.

Vivianne dos Santos · seteveus.space

.
.
.

#confianca #fé #fluir #viviannedossantos #seteveus #escoladosveus #manhãs #despertar #consciencia #espiritualidade #moçambique #maputo","","vsq-0086.mp4"
"2026-08-25","10:30","TikTok","Sabias que... A noite mais escura anuncia o amanhecer. Tu também sabes. Confia no teu tempo.

#fyp #foryou #confianca #fé #fluir #viviannedossantos #seteveus #manhãs #moçambique","","vsq-0086.mp4"
"2026-08-26","10:00","Instagram","Sabias que...

A borboleta passou pelo casulo para abrir asas. Tu também. Confia na tua passagem.

Vivianne dos Santos · seteveus.space

.
.
.

#florescer #lotusflower #lotus #paciencia #viviannedossantos #seteveus #escoladosveus #manhãs #despertar #consciencia #espiritualidade #moçambique #maputo","","vsq-0087.mp4"
"2026-08-26","10:30","TikTok","Sabias que... A borboleta passou pelo casulo para abrir asas. Tu também. Confia na tua passagem.

#fyp #foryou #florescer #lotusflower #lotus #paciencia #viviannedossantos #seteveus #manhãs #moçambique","","vsq-0087.mp4"
"2026-08-27","10:00","Instagram","Sabias que...

A montanha não tem pressa de chegar ao céu. Tu também sabes. Confia no teu passo.

Vivianne dos Santos · seteveus.space

.
.
.

#confianca #fé #fluir #viviannedossantos #seteveus #escoladosveus #manhãs #despertar #consciencia #espiritualidade #moçambique #maputo","","vsq-0088.mp4"
"2026-08-27","10:30","TikTok","Sabias que... A montanha não tem pressa de chegar ao céu. Tu também sabes. Confia no teu passo.

#fyp #foryou #confianca #fé #fluir #viviannedossantos #seteveus #manhãs #moçambique","","vsq-0088.mp4"
"2026-08-28","10:00","Instagram","Sabias que...

A chuva alimenta o que parecia morto. Tu também. Confia no que volta.

Vivianne dos Santos · seteveus.space

.
.
.

#florescer #lotusflower #lotus #paciencia #viviannedossantos #seteveus #escoladosveus #manhãs #despertar #consciencia #espiritualidade #moçambique #maputo","","vsq-0089.mp4"
"2026-08-28","10:30","TikTok","Sabias que... A chuva alimenta o que parecia morto. Tu também. Confia no que volta.

#fyp #foryou #florescer #lotusflower #lotus #paciencia #viviannedossantos #seteveus #manhãs #moçambique","","vsq-0089.mp4"
"2026-08-29","10:00","Instagram","Sabias que...

O fogo precisa de respirar para arder. Tu também. Confia no teu espaço.

Vivianne dos Santos · seteveus.space

.
.
.

#suavidade #descanso #equilibrio #viviannedossantos #seteveus #escoladosveus #manhãs #despertar #consciencia #espiritualidade #moçambique #maputo","","vsq-0090.mp4"
"2026-08-29","10:30","TikTok","Sabias que... O fogo precisa de respirar para arder. Tu também. Confia no teu espaço.

#fyp #foryou #suavidade #descanso #equilibrio #viviannedossantos #seteveus #manhãs #moçambique","","vsq-0090.mp4"
